number	number_sup	trip	trip_sup	onboard_at_departure	death_at_cape	left_at_cape	onboard_at_cape	death_during_voyage	onboard_at_arrival
1376		3		19					19
1378		5		22					22
1379		5		18				2	16
1380		3		11				1	10
1381		5		11					11
1383		5		7					7
1397		3		7					7
1401		1		4				1	3
1403		3		13			1	4	10
1482		2		3		3			
1507		2		3		3			
1516		1					2		2
1521		2					1		1
1523		4					1		1
1608		3		1				1	
1621		3		4					1
1974		3		6		2			4
2311		1		2	1	1			
2325		1		1					1
2326		2		2					2
2336		4		2		1			1
2338		3		4				1	3
2339		5		3			1		4
2340		3		8		1			7
2343		4		3					3
2344		1		5					5
2346		1		1					1
2347		2		2					2
2351		5		10		7	1		4
2352		2		1				1	
2353		5		1					1
2355		1		6					6
2358		2		2					2
2359		2		3		1			2
2361		1		3					3
2362		2		5		3			2
2363		3		4		1	1		4
2365		6		5		3			
2367		2		4		1			
2368		4		5	1			1	4
2375		5		4		1			3
2376		1		1		1			
2377		4		4				2	2
2381		1		2			1		3
2385		1		1		1			
2394		2		3		1			1
2396		1		1					1
2397		1		6		1		1	4
2398		4		6		6			
2399		3		2				1	1
2400		6		5					5
2401		2		3					3
2402		2		2		1	3		4
2404		5		2		1			1
2406		3		4					1
2407		4		5				1	4
2408		2		7		1			6
2412		5		7				3	4
2415		4		4				2	2
2416		1		2					2
2417		5		3					3
2418		4		3					3
2420		3		4		1			3
2421		3		3					3
2422		1		2		1		1	
2423		4		3		2		1	
2424		4		2		1			1
2426		6		2				1	1
2427		4		2				1	1
2428		4		5		1			4
2429		1		2			2	1	3
2436		2		6	1	1		1	4
2437		4		1					1
2438		1		3					3
2439		1		5		2		1	2
2440		5		1					1
2443		2		2		1		1	
2445		2		4			1	1	4
2447		3		2					2
2452		5		1					1
2453		5		1					1
2454		1		2				2	
2456		3		1		1			
2458		2		2			1		3
2459		2		5					5
2460		7		2		1		1	
2463		5		1				1	
2486		2		4		1			3
2491		3		3		1			2
2496		1		4		1			3
2497		5		3		1			2
2500		1		3		1	1	2	1
2502		1		1					1
2503		1		4		2	1	2	1
2504		4		1				1	
2505		3		1					1
2508		1		1					1
2509		4		3		1		1	1
2511		6					1		1
2515		7		1					1
2518		1		2					2
2519		2		5	1			1	4
2523		1		1					1
2525		1		3					3
2529		2		1					1
2530		4		1					1
2531		6		3					2
2532		1		2		1			1
2533		7		1					1
2535		2		2				1	1
2536		1		3					3
2537		1		2					2
2541		1		1			1		2
2542		4		1					1
2546		3		2		1	1		2
2559		6		1					1
2560		3		3	1			1	2
2561		2		6		1			5
2562		4		4		1			3
2565		3		4					4
2567		1		2					2
2568		2		6		1	1	3	3
2570		4		4					4
2571		3		2					2
2572		4		2				1	1
2573		1		1				1	
2574		3		91	1	2		2	87
2578		3		2					2
2580		2		2		1			1
2581		1		2				1	1
2582		4		1					1
2585		2		2					2
2586		5		3			1		4
2587		1		1					1
2589		1		1				1	
2590		1		1			1		2
2591		1		1				1	
2592		2		1					1
2595		7		2					2
2596		2		1					1
2601		5		2				1	1
2602		4		4		2			2
2603		3		3		1			2
2604		5		4					4
2610		1		4		1		1	2
2611		5		1					1
2613		1		7					7
2614		2		7		1	1	1	6
2615		2		3					3
2617		2		6					6
2618		4		1					1
2625		3		6		1		3	2
2627		1		1					1
2629		2		1		1			
2631		2		2					2
2632		4		3					3
2633		2		3					3
2634		1		3					3
2635		6		3		1			2
2636		2		2					2
2638		4		2					2
2639		4		8				1	7
2640		3		2					2
2641		5		1		1	1		1
2642		3		4		1	2		5
2643		2		1					1
2644		2		3					3
2646		2		3					3
2648		1		4					4
2649		4		5					5
2650		4		4				1	3
2651		3		3				1	2
2652		3		9		1			8
2653		5		5			1		6
2654		3		1					1
2655		2		3					3
2656		2		4					4
2657		3		5				1	4
2658		2		3		1	1		3
2659		3		1					1
2660		5		1					1
2661		7		4		1			3
2662		3		3		1			2
2663		4		2					2
2664		1		1	1			1	
2666		2		1					1
2667		5		5					5
2668		3		3		1			2
2669		4		3			1		4
2670		5		4			1		5
2673		3		7				3	4
2674		2		3					3
2675		2		6					6
2677		2		2				1	1
2678		1		4		1			5
2679		5		5					5
2681		3		4					4
2682		3		1					1
2684		1		1					1
2685		3		4		1			3
2687		2		3					3
2688		8		4		1		1	2
2689		7		3					3
2690		3		4			1		5
2691		1		2					2
2692		4		3					3
2694		1		1		1	1		1
2695		1		4		1			3
2698		2		8					8
2699		3		3					3
2700		5		1					1
2701		6		4				1	3
2702		6		2					2
2703		7		1		1			
2704		4		8				3	5
2705		6		6		1			5
2706		3		1					1
2707		1		6			1	3	4
2708		2		1					1
2710		3		8		5	1		4
2712		2		1		1			
2713		7		3					3
2714		3		5				2	2
2715		4		6		1		1	4
2716		3		2					2
2717		3		2					2
2718		3		3		1			2
2719		4		5	1			1	4
2721		3		4	1			1	3
2723		6		5				1	4
2725		4		7	1	2		1	2
2730		4		3					3
2732		6		3					3
2733		5					1		1
2734		2		3					3
2735		3		1					1
2736		2		1					1
2737		5					2		2
2738		4		4		1			3
2739		4		1					1
2740		3		4					4
2741		4		1					1
2742		1		4				1	3
2744		5		3					3
2745		4		4					4
2746		6		1					1
2747		5		5					5
2748		1		2					2
2749		3		10		1		3	6
2750		3		6					6
2751		6		7		1		1	5
2752		2		3				1	2
2753		3		1					1
2754		4		12		1		1	10
2756		3		2					2
2757		9		4					4
2758		4		4				1	3
2761		4		7		1	1		7
2762		4		8		2		3	3
2763		6		9		2			6
2764		5		6		1			5
2766		4		4					4
2767		4		15		1	2		16
2768		4		2				1	1
2769		6		1					1
2770		5		5			4	1	8
2771		2		4			1	3	2
2772		5		4					4
2774		2		5			1	2	4
2775		6		1		1			
2776		3					1		1
2777		4		1					1
2778		1		12		6		1	5
2779		4		12		2			10
2780		4		8					8
2781		3		13				2	11
2784		3		6					6
2785		1		5					5
2786		1		1					1
2787		3		1			3		4
2788		8		5					5
2789		4		14		2		5	7
2790		7		5				1	4
2792		4		7		1			6
2793		1		2		1			1
2794		7		5					5
2795		3		3					3
2798		2		8					8
2799		4		5		1	2	2	4
2800		4		5					5
2802		3		3			4	1	6
2803		3		3					3
2804		2		2					2
2806		1		2		1	1	1	1
2807		6		5				4	1
2808		3		6			2	1	6
2810		4		1				1	
2811		4		5			1	3	3
2812		1		20	1	2		1	17
2813		4		10					10
2814		5		13		1		6	6
2815		5		7		2			5
2816		2		1					1
2817		1		3					2
2819		1		5		1			4
2820		1		12		1		2	9
2821		6		3					3
2824		4		3					3
2825		3		15		1	1		15
2826		5		13		3	1	1	10
2827		4		4				1	3
2828		7		3					3
2829		6		6				1	5
2831		7		6				1	5
2832		5		13		2	1	2	10
2833		5		10					10
2835		3		2		1			1
2836		6		8		1	1		8
2839		3		2			2	1	3
2841		5		7		2	2	3	4
2842		6		7				7	
2843		7		3			1	3	1
2844		6		11		2			9
2845		5		13		3		3	7
2846		3		3			1		3
2847		1		6				1	5
2848		3		4					4
2849		1		8		2		1	5
2850		5		5		1			4
2851		2		3					3
2852		1		5					5
2853		3		7		1	2		8
2854		5		16		6		1	9
2855		4		4					
2856		1		6		1			5
2857		3		1					1
2858		4		3		1		1	1
2859		4		18		1			17
2860		5		12		5		1	6
2861		1		11		2		1	8
2864		2		5					5
2866		2		5				1	4
2867		4		10		1	1	1	9
2868		9		5		1	1	1	4
2869		6		1					1
2870		6		6		2			4
2871		8		4		1	2	2	3
2872		3		13		5	3	4	7
2873		5		9					9
2874		2		6					6
2875		6		6		1		3	2
2876		1		5				1	4
2879		8		5				2	3
2880		1		5					5
2883		3		10		4		4	2
2884		1		1			1		2
2885		1		6			1	1	6
2886		4		5					5
2887		5		4					4
2888		3		1			1		2
2890		2		8				1	7
2891		5		15				1	14
2892		1		2					2
2893		8		4					4
2894		1		9				1	8
2899		1		7			1		8
2900		6		19		7	1	1	12
2901		6		11			2	1	12
2902		1					1		1
2905		4		3		1	1		3
2906		7		6				1	5
2907		5		19		10	1	4	6
2909		7		4					4
2910		1		4				1	3
2911		6		8				2	6
2912		7		21		5	5	10	11
2913		4		8					8
2914		5		7				1	6
2915		2		19		3	3	3	16
2916		5		2					1
2919		1		2		1	5	1	5
2921		1		1			1		2
2923		5		7		1	1		7
2924		6		3			1	1	3
2925		1		9		1		3	5
2926		3		12		2		4	6
2927		3		7				1	6
2928		2		22		3		1	18
2929		3		7					7
2930		1		9			1	2	8
2931		2		7				1	6
2932		1		3					2
2933		2		5					5
2934		1		15					11
2936		5		1					1
2938		9		6			2		8
2939		5		9			1		10
2941		1		7				2	5
2942		2		7			1	2	6
2944		4		13		2		2	9
2945		5		3					3
2946		2		2					2
2948		4		4					4
2949		5		2			2	1	3
2950		1		11		3	1	2	7
2951		3		6				2	4
2952		7		9				2	7
2953		2		4		1	1	2	2
2954		3		14		1		5	8
2955		3		4				1	3
2956		5		5					5
2957		5		13		1		2	10
2958		1		5			1	1	5
2959		4		11		4			7
2960		1		1					1
2961		6		10		5	2	2	5
2962		6		4				2	2
2963		4		14					14
2964		1		4					4
2965		2		5					5
2966		1		5		1			4
2967		1		10					10
2968		1		9				1	8
2969		1		1					1
2970		8		10					10
2971		2		19		1			18
2972		2		21		3		4	14
2973		7		20				3	17
2976		3		8		1	5	2	10
2979		6		9		1		1	7
2980		2		7					7
2981		4		13		4		2	7
2982		2		5		1			4
2984		3		13			1		14
2985		2		11				2	9
2986		5		16			1	3	14
2987		7		6				3	3
2988		6		14		2	4	3	15
2991		5		11		1		1	10
2992		1		11				1	10
2993		1		6		1		1	4
2994		1		9		1		3	5
2995		5		3		1			2
2996		3		4		1			3
2997		1		8				2	6
2998		1		20		7	4	8	9
2999		6		8		2			6
3000		3		12		3	3		12
3001		1		14		2	2	2	12
3002		2		4					4
3003		3		18		3		3	12
3004		1		12					11
3005		2		16		2			14
3006		5		11					11
3007		4		20					20
3009		2		4					4
3010		10		30		1		3	26
3011		2		15		2			11
3013		3		14			3	1	7
3014		7		3					3
3015		2		21					21
3017		2		19				1	18
3018		1		11		2	1	4	6
3022		6		2			3		5
3023		2		13		1		3	9
3024		1		14		2	1	3	10
3025		4		22		2			20
3026		4		8		1			7
3028		5		8					8
3029		6		6				1	5
3030		4		8		1		2	5
3031		3		14		1		2	7
3032		1		11		2	5	5	9
3033		3		5		1			4
3034		1		6		1			5
3035		5		13		1	1	2	11
3036		4		18				1	17
3037		4		11		1	1	2	9
3038		1		23				2	21
3039		1		4		1		2	1
3040		1		10			2		12
3041		1		14					14
3042		2		6		1			5
3043		7		20	7		3	7	16
3044		1		9		1	2	1	9
3045		6		14		4	1	1	10
3046		2		14		4	3	5	8
3047		1		13					13
3048		2		16		1		3	12
3050		4		6		1			5
3051		2		10	1			1	9
3052		7		8		1	1	2	6
3053		4		4	2	1		2	1
3055		4		5		1		1	3
3056		1		13		3	2	4	7
3057		2		6				4	2
3058		1		6				2	4
3059		3		5					5
3060		5		9		2		1	6
3061		2		13	2	2		2	9
3062		1		8		3			6
3063		3		21		2			19
3064		8		12		2		1	9
3065		6		5			2	3	4
3066		1		10					10
3067		2		8		1			7
3068		2		9		1	8	4	12
3069		1		17	9	4	4	10	7
3070		2		11					11
3072		1		10			2	5	7
3073		3		13		2			11
3074		3		6			4	2	8
3075		1		14		1	2	1	14
3076		2		14		2		2	10
3077		1		10				2	8
3078		6		11		1		1	9
3079		5		10				3	7
3080		6		1					1
3081		6		10		1		3	6
3083		7		15				3	12
3084		3		14	1	1		1	12
3085		3		10				1	9
3086		1		10		1		2	6
3087		1		11			2	2	11
3088		2		7			3	3	7
3089		1		12				2	10
3090		1					2		2
3091		7		8				1	7
3092		3		8		1	6	11	2
3094		2		6					6
3096		2		6					5
3097		3		10		1		4	5
3098		2		4					12
3099		2		5		1			4
3100		1		4		1		1	2
3101		11		8		2		1	5
3102		7		11		1		6	4
3103		2		7				2	5
3104		4		8		1	1	2	6
3105		1		9	1			1	8
3106		2		2					1
3107		3		9		2		4	3
3108		3		7					7
3109		4		61		11	13	11	52
3110		3		11		2	1	2	8
3111		3		6				1	5
3113		5		5			2	3	4
3114		6		7				1	6
3115		4		7			3	3	7
3116		2		4			1		5
3117		4		4		1		1	2
3119		5		2					2
3122		2		4				1	3
3123		3		3					3
3124		3		16					16
3125		2		9					9
3126		1		5					5
3127		2		3					3
3128		1		2	1			1	1
3129		3		10		1			9
3130		1		2					2
3131		1		6		1		1	4
3132		2		7				4	3
3133		3		4					4
3135		2		7		1	3	1	7
3137		2		1		1			
3139		3		12		2		1	9
3143		3		61		4		2	55
3144		4		4		1			3
3145		6		13		4		2	7
3146		1		5		1			4
3147		2		1			1		1
3148		7		13		6	1	3	5
3149		4		10		1			9
3150		6		13				2	11
3151		2		10		6	4	1	7
3152		3		12				3	9
3153		5		4					4
3154		3		4				1	3
3155		3		5		1	7	1	10
3157		5		8		5	1	2	2
3158		1		4			2		6
3159		1		4					4
3160		4		7		1		1	5
3161		2		3					3
3162		1		4				1	3
3164		3		3					3
3165		1		2				1	1
3166		11		4		1	3	1	5
3167		3		1			1		2
3169		7		5					5
3170		4		11					11
3172		3		6		1		1	4
3175		4		10	2			2	8
3177		1		17		6		3	8
3178		2		3				3	
3179		7		3				1	2
3180		2		2				1	1
3181		5		2				1	1
3182		4		13	7			7	6
3183		8		15		5		8	2
3184		4		1					1
3185		6		10					10
3187		3		3				1	2
3188		2		3				1	2
3189		1		9	5	1	1	5	4
3196		7					2		2
3201		4		1		1			
3205		1							1
3210		7					1		1
3230		5		3					3
3231		5		4				2	2
3232		4		1					1
3238		3		4		1		1	2
3239		1		6				2	4
3242		2		1					1
3244		4		1			1	1	1
3249		2		2		1			1
3254		1		1		1	1		1
3256		1					1		1
3258		3					1		1
3259		1					1		1
3260		6		3					3
3261		5					2		2
3269		3		2					2
3270		2		3					3
3277		2		2		1			1
3279		1		2				1	1
3280		1		3				1	2
3289		2		2					2
3298		2		1					1
3299		1		2					2
3301		4		6					6
3302		4		6		1		2	3
3305		1		13		1		7	6
3306		1		5					5
3307		3		3		1			2
3309		2		5		1			4
3310		2		9					9
3313		1		8				4	4
3314		2		18		1		5	12
3315		2		17		3		7	7
3316		1		16		2			13
3317		5		9		3			6
3318		4		12	4	2		4	6
3319		5		6				1	5
3320		4		9		1			8
3321		1		15				3	12
3323		3		7					7
3324		4		8		1	1	2	6
3325		2		12		1		9	2
3326		4		15				1	14
3327		3		12			4	2	14
3328		5		21		3	2	15	5
3329		4		4				3	1
3331		2		8					8
3332		2		21				4	17
3334		1		5					5
3335		1		6		2	1	2	3
3336		4		4				1	3
3337		4		5					5
3338		4		19				4	15
3339		1		16		2		2	12
3340		2					1	1	
3341		1		30		1		8	21
3342		5		23		6	1	3	15
3345		1		13					13
3347		1		6				2	4
3348		1		7				1	6
3349		9		9			1	2	8
3351		3		7					7
3352		7		1					1
3353		4		24				1	23
3354		6		6		1			5
3355		2		17				4	13
3356		3		21				2	19
3357		1		19				3	16
3358		2		10			1	2	9
3360		3		12		1		4	7
3361		6		15		5	1	1	11
3362		3		4				3	2
3363		4		3	3			3	
3364		1		7		1			6
3365		2		11		1	2	5	8
3366		6		18		1		5	12
3367		3		20		4		3	13
3369		2		5					5
3370		1		17				4	15
3371		5		13		1	1	6	7
3372		1		15		1		5	9
3374		1		10		1		1	8
3375		1		7		1			6
3376		6		6		1			5
3377		2		7		1			6
3378		1		12		2	1	2	9
3379		1		20		2		5	13
3380		1		11					11
3381		2		6				1	5
3382		2		8			1	5	4
3383		2		8		1	1	1	7
3384		2		7			1		8
3385		1		7		4	1	2	2
3387		2		12		1	5	2	14
3388		4		6			1	2	5
3390		3		3		1			2
3391		2		5				2	3
3393		1		113	11	5	2	19	93
3394		4		5				3	2
3395		1		4				2	2
3396		1		2			1		3
3397		2		7				4	3
3398		1		5		1		1	3
3400		2		2				1	1
3401		2		17				7	10
3402		3		8		4	1	3	2
3403		1		7				1	6
3405		5		17					17
3406		1		19				5	14
3407		2		20			3	14	8
3410		1		108		23	13	22	73
3411		1		6				3	3
3412		1		10		1		2	7
3413		1		9				1	8
3414		1		12				3	9
3415		4		13		1		5	7
3417		2		4				1	3
3418		2		4			1		5
3419		1		7		1		4	2
3422		4		9		5		4	
3424		6					1	1	
3425		1		8		1	1	3	5
3426		3		7		2		2	3
3427		1		16		1			15
3428		5		14		1	1	6	7
3429		2		6			3	3	6
3431		1		9				2	7
3432		3		10		1			9
3434		4		8		1		3	4
3435		2		14			1		6
3436		2		7			1		7
3438		1		16		2		6	8
3441		2		65		9		16	40
3442		2		4				2	2
3443		2		101		41	12	23	42
3444		3		5				2	3
3446		5		9				2	7
3447		4		12					12
3448		6		10		1		1	8
3449		1		10			1	1	5
3450		2		11		3		1	7
3451		2		13				3	9
3452		3		8		2			6
3453		2		10		2	2	3	7
3454		1		1					1
3455		3		6				4	2
3456		4		11		1			10
3457		1		7					7
3458		1		16				6	10
3459		5		7		2		2	3
3460		4		22					22
3461		3		10		2		1	7
3462		5		165	7	9	5	5	150
3463		3		8				1	7
3464		3		10		1		5	4
3465		3		4		2			2
3468		2		7		4			3
3469		1		10				1	9
3470		1		9				2	7
3471		7		10		1			9
3472		2		9		1			8
3474		5		13					13
3476		1		10					10
3477		2		10		1	2	1	10
3478		2		15		1	2	1	15
3481		2		5					5
3482		1		11					11
3484		1		16		1	1	2	14
3486		2		14				1	13
3487		1		17				4	13
3488		2		10			1	1	10
3489		3		12				2	10
3490		3		4				1	2
3491		2		4					4
3492		3		7		2		1	4
3495		4		5		2			3
3496		2		8		3		1	3
3497		1		13		3			10
3498		1		16		2		4	8
3499		4		13				1	12
3500		3		19		1		4	13
3501		2		4					4
3502		2		14		1			13
3503		2		25		4		2	16
3504		2		16		3		2	11
3505		3		8				1	7
3506		3		16		1		1	14
3507		1		13		7		1	12
3508		1		13				5	7
3509		1		12			1	1	12
3510		3		16		1			
3511		3		15	1			1	14
3512		1		15				1	15
3514		1		2		1	2		3
3516		1		78		8	2	13	
3517		5		11	2		4	2	12
3520		3		11		1		2	8
3521		2		10				1	9
3523		4		8					7
3524		1		14					13
3525		1		8		2		5	1
3526		1		8					7
3527		3		11		1			10
3528		1		24		3		1	20
3529		2		4		1	1		4
3531		3		15				1	14
3532		3		11				1	10
3534		2		12		1		1	10
3535		4		12		2			10
3536		3		20					20
3537		1		13				1	12
3538		2		9					9
3539		1		21		1		2	18
3540		1		12				1	11
3541		1		12				1	11
3542		2		12			1		13
3543		4		5				1	4
3546		3		18		1	3	7	13
3547		6		3				1	2
3548		4		4					4
3550		2		10		1	2		11
3551		2		18					18
3553		4		141		15	8	5	118
3554		4		14		1			13
3555		3		15					13
3556		3		17		1			16
3558		2		12				1	11
3559		1		10					10
3560		5		10					10
3561		1		14					10
3562		2		7					7
3563		1		17				3	12
3564		2		19					19
3568		5		21		4		1	16
3569		1		13				1	12
3570		1		14				1	13
3571		1		10		1			9
3572		1		20		4	4		20
3573		1		11					11
3574		1		95		14	4	26	58
3575		2		12					12
3576		2		23				1	22
3577		3		10		1		3	6
3578		3		8					8
3579		3		13				2	11
3583		2		13					13
3584		5		20					20
3585		3		11		1		3	7
3586		3		10	4			4	6
3587		2		10					10
3588		1		10		1			9
3589		4		15		1	1		15
3590		1		13		1	1		13
3591		5		8					8
3592		2		6			2	2	6
3593		4		8					8
3594		4		11		1	1		9
3595		1		16			1	2	15
3596		1		4					4
3597		4		14		1		1	12
3598		1		16		1		2	13
3599		4		11		2		2	7
3600		1		8					8
3602		2		9		3			6
3603		1		8		1		2	5
3604		2		15		5	2	1	11
3605		1		10				3	7
3607		1		15		1		2	12
3608		2		13				1	12
3610		4		12			3	4	11
3612		3		1					1
3613		2		9		1			8
3615		3		6				3	3
3616		3		17				1	16
3617		1		2		1	1		2
3618		3		2					2
3619		3		15				5	10
3622		3		14				1	13
3623		5		11				3	8
3624		4		19		2	1	2	16
3625		3		1					1
3626		1		14					14
3628		3		15					15
3629		3		8					8
3630		2		16					16
3631		1		13		2		3	8
3632		4		12		1			11
3633		1		9		2		2	5
3634		2		91		8	1	11	73
3635		2		5				1	4
3636		1		12		2	1	1	11
3637		2		10			2	5	6
3638		2		10					10
3639		1		6				1	5
3640		4		3		1	1		3
3644		5		7					7
3645		2		6					6
3646		5		7					7
3647		1		12		5		3	4
3651		3					1		1
3654		1		7		1		3	2
3655		4					2		2
3656		4		3				2	1
3657		5		77		8		12	5
3658		2		14		3		3	8
3659		2		11		1		4	6
3660		1		5					5
3661		5		93		6	2	2	86
3662		2		7		1		2	4
3663		1		2					2
3664		1		11		1		1	9
3667		2		2					2
3668		1		11		3			8
3672		2		9					9
3673		3		1					1
3674		5		11			3	2	12
3675		3		4					4
3676		4		10				2	8
3680		5		6			1		7
3681		4		14					14
3682		3		15				1	14
3683		4		10		2	1		9
3684		3		7				1	6
3685		1		3					3
3686		2		9					9
3688		1		5				1	4
3689		1		5		1		1	3
3690		1		8		2	1	1	6
3692		2		6					6
3694		4		10					10
3696		2		7				1	6
3697		1		2					2
3698		4		8	1	1		1	6
3700		3		14	4	2		4	8
3701		1		75	13	18	6	13	48
3703		2					2		2
3704		4		9		1		1	7
3705		4					1		1
3706		6					1		1
3707		5		5	1			1	3
3708		3		9		1		1	7
3709		3		15				1	13
3710		2		17					17
3711		5		5				2	3
3712		1		4				1	3
3715		3		17				5	12
3716		1		13				8	5
3718		3		11				3	7
3720		3		3				1	1
3722		1		12		2		2	8
3723		1		6		2	1		5
3724		5		13		3		4	6
3725		2		5					5
3726		1		5		1	1		5
3727		6		8			1	5	5
3728		5		5				1	4
3729		2					2		2
3730		5		5				2	3
3731		3		3		1		1	1
3733		2		2					2
3734		6		9		1		2	6
3736		2		3	1			1	2
3737		3		8				3	5
3738		4		19				1	18
3740		3		6		1		5	
3741		1		6					6
3742		2		11		1		3	7
3745		2		5		1	2	1	5
3746		4		4		1	3	1	5
3748		1		4					4
3749		1		10		1		1	8
3750		2		4				1	3
3751		6		10				5	5
3752		3		12		1		2	9
3755		2		4				3	1
3756		2		4		1		1	2
3757		3		12				2	10
3758		3		8		3		1	4
3759		1		11				1	10
3760		5		1			1		2
3763		5		8				2	6
3764		6		8			1		4
3765		2		3					3
3766		3		12		9			3
3767		1		2			3		5
3768		4		9		3			6
3769		5		8					8
3770		1		8		2		1	
3771		3		13				2	11
3772		1		4					4
3773		2		6					6
3774		2		7				2	5
3775		5		9		1			8
3777		2		3					3
3778		5		1			2		3
3779		2		5			1		6
3780		3		1					1
3783		3		2					2
3784		4		5		1			4
3785		3		2					2
3786		3		8		1		1	6
3787		3		7	1	1		1	5
3788		4		1		1			
3789		1		4					4
3791		3		9		2		1	6
3792		5		5		2	1	1	3
3793		1		5		1			4
3794		2		10				2	8
3795		4		13		1			12
3797		1		12		3		1	8
3798		5		1					1
3799		5		9		1		1	7
3800		4		11		1			10
3801		1		10				1	9
3804		4		6				1	5
3805		7		11		1		4	6
3807		5		5				1	4
3808		3		6					6
3809		3		12				3	9
3810		2		6		1			5
3812		2		2					2
3813		5		2			1		3
3814		3		3					3
3815		4		4			2		6
3816		3		12		5	1		8
3817		3		2					2
3818		1		13					13
3819		7		20		1		2	16
3820		1		12		5	2	3	6
3821		2		14				2	12
3823		4		16				3	13
3825		1		73				25	44
3826		3		237	8	151	2	5	81
3827		6		6		2			4
3828		2		14		3		1	10
3829		4		5				3	2
3830		4		10					10
3832		3		2				1	1
3833		4		16		4		4	7
3834		3		11		1			10
3835		2		10			1		11
3836		3		13		9			4
3837		3		5					5
3838		5		8			5		13
3839		2		18		1	1	2	15
3840		5		9					9
3843		3		8		1	1		8
3846		5		13		1			12
3847		6		178	3	9	4	3	170
3848		3		7					7
3849		4		10		1		1	8
3850		1		12		1		1	10
3851		5		7		1			
3853		2		7		1			6
3854		3		20		2		4	14
3855		4		18		1	1	2	16
3856		3		4		2		1	1
3859		4		17		2			15
3860		5		11		1			9
3861		5		10		1		1	7
3862		3		2		1			1
3863		4		15		1	2	1	15
3864		2		6		2		3	1
3865		3		8		2	1	5	3
3869		3		4		1	2	1	4
3870		3		2					2
3873		2		3					2
3876		2		9				2	7
3877		3		14		3			11
3878		1		6		2		1	3
3879		1		9			1	1	9
3880		8		8			2	2	8
3881		4		10		3		2	5
3882		4		12				2	10
3883		6		2					2
3884		7		7		2		1	4
3885		5		12		2		1	9
3886		5		6				2	4
3888		4		8				1	7
3889		1		11				3	8
3891		4		3		1			2
3892		3		9		3			6
3893		4		3		1			2
3896		4		12		4	2	5	5
3897		1		15		3	2	6	8
3898		5					1		1
3899		3		1		1	1		1
3900		4		9		1		1	7
3901		5		5		1	1		5
3902		4		8		2	2	2	6
3903		5		10		5	2	2	5
3905		1		1		1	4		4
3906		2		8		2	2	1	7
3908		3		14		2		1	11
3909		3		12		4			8
3910		6		2					2
3911		3		12		1	3	2	12
3912		3		16				1	15
3913		1		10			1	2	9
3915		1		9		1		1	7
3916		1		18				1	17
3917		1		9		3			6
3919		5		11				4	7
3921		1		17				6	11
3924		1		11		2			9
3925		6		11		1			10
3926		2		10		1	2	2	9
3927		7		9		1	1	2	7
3928		5		14		1		1	12
3929		1		6		1	1	1	5
3930		5		11			2	2	11
3931		1		11				2	9
3932		5		13		4	1	3	7
3933		1		4				1	3
3934		1		7		1		2	4
3935		1		13		1			12
3937		6		12		1		1	9
3938		1		12		1		2	9
3939		3		13		1		1	11
3940		1		3		1			1
3941		5		2					2
3942		1		10		5		2	3
3943		5		18		1		2	15
3945		4		2		1			1
3946		2		16		2	1	2	13
3949		1		17		2	2		17
3950		3		4		1	1		4
3951		4		3					5
3954		2					1		1
3955		1		12				1	11
3956		2		9					9
3957		1		15		3		1	11
3958		7		3	1	1		1	1
3961		1							4
3968		1							15
3971		3							15
3990		2							12
3991		4							12
3992		3		7	1	2	1	3	3
3995		5		8		1	2	3	6
4004		1							18
4006		1							9
4016		2							17
4021		3							9
4024		2							2
4026		1							17
4029		7							5
4033		2							18
4043		2							3
4045		4		6					6
4046		4							16
4048		5							11
4050		3							16
4057		4							16
4063		1							19
4076		5							17
4077		5							12
4078		3		13					12
4080		2		11					7
4081		2		13					13
4082		7							6
4083		6		15					13
4084		4		15					12
4085		4		16					11
4086		2		15					11
4087		1		22					13
4088		2		19					10
4089		2		17					13
4090		5		16					13
4091		3		15					10
4092		2		16					12
4093		1		26					19
4094		2		16					9
4095		1		13					2
4096		4		18					10
4097		4		16					9
4102		3		20	2	4	1	2	15
4103		2		19	9	2	3	9	11
4105		2		8		5	6		9
4115		2		17	4	2	1	4	12
4116		4							5
4133		1							32
4145		3							8
4146		1							11
4150		1							9
4156		6		17					7
4168		3		11					9
4170		5		12					9
4172		3		18					15
4173		5		21					8
4174		2		4					2
4175		4		18					11
4177		1							16
4178		1							10
4180		2		11					7
4181		1		12					9
4182		2		13					11
4184		1		12					1
4185		1		7					6
4186		2		16					13
4187		1		12					9
4188		1							10
4189		1		11					5
4190		4		10					5
4193		3		14					11
4203		3		14					10
4204		4		5					7
4205		5		7					10
4206		5		9					6
4208		1		17					20
4210		1		14					13
4211		6		14					9
4212		4		10					9
4213		5		15					1
4214		4		14					14
4215		1		7					7
4216		6		12					10
4218		2		12					9
4219		1		12					10
4220		1		13	1	1		1	10
4221		2		11					11
4222		1		10					6
4223		1		12					8
4225		1				2		3	12
4226		2		15				6	9
4228		3		15	4	4		4	7
4231		2		14	1	6	5	1	12
4248		1							10
4250		1							13
4258		1							8
4260		1							1
4262		4		15					15
4263		4		12	5	2	4	5	9
4264		2		24	1	4	1	2	19
4265		2		8	1		2	1	9
4290		4		3		2	5		6
4315		2		19		4	3		18
4369		6							2
4372		4		5					3
4374		6		1					1
4375		4		2					1
4376		6		1					
4377		6		2					4
4378		4		3					1
4380		1		1					1
4381		1							11
4382		3		4					5
4384		3							2
4385		1		8					1
4388		2		2					1
4392		5		13					6
4395		2		1					
4396		1		2					2
4398		3		1					
4411		1		6					6
4417		4		3		2	2		3
4427		1							2
4429		5		11					
4432		1					22	2	20
4433		1							1
4436		1		8		1			7
4447		1		6					7
4493		7		2					1
4519		2							3
4524		1		30					21
4529		1		18					18
4539		1							10
4542		1		14					14
4550		1		37					31
4559		1		9					7
4560		2		7					6
4562		1		42					27
4574		2		33					10
4575		1		11					7
4576		1		7					7
4586		1		14					7
4587		2		1					1
4606		2		21					17
4607		5		24					20
4611		2		3					2
4612		2		9					7
4613		1		24					23
4616		1		22					10
4617		2		5					8
4618		1		16					8
4620		1		14					12
4622		1		14					12
4623		1		13					13
4624		3		11					10
4625		2		21					15
4628		1		1					1
4629		3		33					23
4631		1		6					6
4633		4		2					2
4634		1		2					2
4639		3		32					27
4640		4		14					3
4642		2		7					5
4643		3		4					5
4645		1		6					9
4646		2		12					10
4650		1		23					17
4651		1		15					11
4652		3		20					18
4653		2		10					9
4655		2		26					19
4656		2		15					7
4658		2		18					16
4659		1		13					8
4660		1		8					5
4662		1		8					7
4663		2		10					6
4668		1		22					16
4669		3		5					11
4670		2		8					4
4672		2		3					3
4673		3		10					7
4693		1		18					10
4695		2					4		4
4697		4		15					6
4699		2							5
4701		2		12					16
4703		3		3					2
4708		3		8					8
4709		1		7					4
4714		1		20					20
4715		2		1					1
4726		2							5
4750		3		8					5
4756		5							2
4759		1		2					2
4760		1		4					2
4762		1		2					2
5754		1		1					
5792		1		2					
5793		3		1					
5794		1		2					
5795		1		1					
5796		6		2					
5801		1		4					
5802		1		3					
5803		1		3					
5806		1		8					
5807		3		5					
5808		5		5					
5809		2		7					
5810		3		4					
5811		2		4					
5813		1		3					
5819		1		3					
5821		2		3					
5822		2		3					
5823		1		4					
5824		1		3					
5825		1		3					
5826		1		3					
5827		1		2					
5828		1		2					
5830		2		3					
5831		4		3					
5832		1		3					
5833		1		4					
5834		1		4					
5835		1		4					
5836		1		4					
5837		3		5					
5838		1		4					
5839		1		4					
5840		2		4					
5841		2		4					
5842		1		3					
5843		4		4					
5844		3		4					
5845		4		5					
5846		1		3					
5847		1		5					
5849		4		4					
5850		3		3					
5851		2		4					
5852		1		3					
5853		2		4					
5854		2		3					
5855		3		4					
5856		1		2					
5857		2		2	2				
5859		2		5	1				
5860		1		5					
5879		1		5					
5880		1		5					
5882		3		5					
5884		1		1					
5886		1		4					
5887		3		5					
5890		4		7					
5891		2		5					
5894		3		3					
5895		4		2					
5896		1		3					
5897		1		3					
5898		2		3					
5899		3		6					
5905		2		3					
5912		2		5					
5913		1		2					
5914		2		4					
5915		2		4					
5916		1		7					
5921		3		3					
5922		4		4					
5923		1		5					
5924		1		2					
5925		1		5					
5926		2		5					
5927		1		2					
5930		1		2					
5931		1		2					
5932		1		2					
5933		3		2					
5934		2		2					
5935		1		3					
5936		1		2					
5937		1		2					
5938		1		2					
5939		1		2					
5940		3		2					
5941		1		3					
5942		2		1					
5947		1		5					
5948		1		8					
5949		1		2					
5950		2		7					
5951		1		6					
5952		4		7					
5953		1		9					
5954		3		7					
5955		1		6					
5956		2		10					
5957		2		8					
5958		1		7					
5959		2		8					
5960		1		2					
5962		5		9					
5963		1		6					
5964		2		6					
5965		1		6					
5966		1		6					
5967		1		7					
5968		2		8					
5969		2		6					
5970		3		8					
5971		1		7					
5972		2		7					
5973		2		5					
5976		1		2					
5979		3		2					
5980		1		3					
5981		1		8					
5982		1		9					
5983		1		8					
5984		1		10					
5985		2		8					
5986		2		8					
5987		1		6					
5987	A	2		8					
5988		4		9					
5989		2		2					
5993		2		13					
5994		2		5					
5997		1		2					
5999		1		2					
6000		2		9					
6001		2		7					
6002		2		7					
6003		2		2					
6004		2		7					
6005		1		10					
6006		2		8					
6010		1		5					
6018		1		3					
6019		3		2					
6020		2		3					
6021		3		2					
6022		3		2					
6023		4		2					
6024		5		4					
6025		4		2					
6026		3		2					
6033		2		1					
6037		3		6					
6038		3		5					
6039		1		3					
6040		1		3					
6041		2		5					
6042		2		5					
6043		1		3					
6044		1		1					
6045		3		2					
6046		2		1					
6047		1		2					
6048		3		8					
6053		3		1					
6058		4		3					
6059		3		3					
6060		4		3					
6062		3		2					
6063		1		2					
6064		4		3					
6065		3		3					
6066		1		3					
6067		5		3					
6070		2		5					
6073		3		1					
6074		1		5					
6075		2		1					
6076		1		3					
6077		1		1					
6079		3		1					
6080		4		1					
6081		3		1					
6082		2		2					
6083		4		1					
6084		2		1					
6085		4		1					
6086		4		1					
6087		4		2					
6088		4		1					
6089		6		2					
6096		1		1					
6097		1		7					
6098		3		2					
6112		2		2					
6113		5		1					
6114		4		2					
6115		3		5					
6116		2		5					
6118		3		2					
6119		4		2					
6120		3		2					
6121		3		2					
6122		2		3					
6123		1		2					
6124		1		2					
6125		4		2					
6126		1		4					
6130		4		1					
6131		2		3					
6132		1		3					
6133		5		2					
6136		4		6					
6137		2		5					
6138		3		4					
6139		2		6					
6140		1		7					
6141		1		2					
6142		5		6					
6143		4		7					
6144		3		7					
6149		2		1					
6150		4		2					
6151		3		1					
6153		2		7					
6154		1		7					
6155		5		7					
6156		4		7					
6157		3		8					
6158		1		5					
6165		1		4					
6166		1		4					
6167		1		4					
6169		2		7					
6170		3		5					
6171		1		9					
6172		2		7					
6173		1		1					
6174		5		8					
6175		5		7					
6176		1		5					
6177		4		5					
6185		1		4					
6187		1		3					
6188		1		6					
6189		1		4					
6190		1		7					
6191		4		3					
6192		2		4					
6193		1		4					
6194		3		3					
6195		3		7					
6201		2		8					
6202		1		1					
6203		1		4					
6204		2		3					
6209		1		5					
6210		6		6					
6211		3		6					
6212		4		6					
6217		6		4					
6218		1		4					
6219		5		4					
6231		1		16					
6233		2		8					
6234		4		5					
6235		2		5					
6236		2		6					
6237		1		7					
6238		1		6					
6240		1		6					
6241		2		6					
6248		1		4					
6249		2		5					
6252		4		5					
6253		1		5					
6254		3		6					
6256		2		6					
6257		1		5					
6258		2		5					
6259		6		7					
6260		5		5					
6261		1		5					
6269		3		3					
6270		3		3					
6273		3		7					
6274		2		6					
6275		7		6					
6276		1		6					
6277		2		5					
6279		2		5					
6281		1		5					
6286		1		25					
6287		4		6					
6290		4		3					
6291		2		5					
6292		2		5					
6293		3		5					
6294		3		6					
6295		4		5					
6296		2		1					
6297		2		5					
6298		2		5					
6299		1		6					
6300		2		6					
6307		1		5					
6308		6		6					
6310		4		5					
6311		3		3					
6312		6		5					
6313		2		5					
6314		4		3					
6315		1		4					
6316		2		3					
6317		8		4					
6318		5		3					
6319		1		3					
6320		6		4					
6321		2		5					
6322		3		4					
6323		2		4					
6325		5		3					
6326		3		4					
6334		2		3					
6335		3		3					
6340		3		2					
6341		1		2					
6344		1		4					
6345		3		4					
6346		3		2					
6347		2		4					
6348		3		2					
6349		1		5					
6350		4		2					
6351		3		4					
6352		3		4					
6353		3		2					
6354		3		5					
6355		3		4					
6356		3		4					
6367		3		2					
6368		1		5					
6369		4		3					
6370		4		3					
6371		3		2					
6372		1		3					
6373		1		2					
6375		2		3					
6376		5		4					
6377		3		5					
6378		6		4					
6379		3		3					
6381		7		5					
6382		6		5					
6383		4		5					
6396		1		5					
6397		3		7					
6398		2		7					
6399		2		5					
6400		1		5					
6401		3		5					
6402		1		6					
6403		2		5					
6404		1		4					
6406		4		7					
6407		4		4					
6408		2		8					
6418		4		10					
6419		4		10					
6420		3		5					
6421		2		10					
6422		2		10					
6423		3		5					
6424		3		10					
6425		1		10					
6426		5		5					
6427		4		10					
6430		2		5					
6431		3		10					
6432		3		10					
6433		1		10					
6434		2		5					
6445		4		5					
6454		1		3					
6455		4		2					
6456		1		3					
6457		6		2					
6458		1		2					
6459		5		2					
6460		3		4					
6461		4		2					
6463		5		2					
6464		1		2					
6465		3		3					
6466		5		3					
6487		6		3					
6488		3		2					
6489		4		2					
6490		3		2					
6491		1		2					
6493		5		3					
6494		2		2					
6495		2		2					
6496		2		2					
6497		2		2					
6498		5		2					
6499		1		2					
6500		2		3					
6508		1		4					
6510		4		3					
6512		4		2					
6513		5		3					
6521		2		4					
6522		1		2					
6523		2		3					
6524		2		2					
6525		1		2					
6526		1		2					
6527		6		3					
6528		5		2					
6530		3		2					
6531		5		3					
6532		6		3					
6533		4		4					
6551		2		2					
6574		2		3					
6575		1		5					
6576		2		3					
6577		4		3					
6578		2		2					
6579		4		4					
6580		6		5					
6581		3		3					
6582		4		3					
6583		5		4					
6589		3		4					
6590		4		2					
6591		2		2					
6592		1		4					
6593		3		3					
6594		1		5					
6665		3		8					
6666		2		10					
6667		5		14					
6668		2		10					
6669		1		15					
6671		2		10					
6672		3		13					
6673		4		2					
6674		5		15					
6675		1		3					
6676		3		3					
6677		4		3					
6678		3		5					
6679		3		3					
6680		3		2					
6681		1		2					
6682		6		5					
6683		1		3					
6684		3		12					
6708		4		17					
6709		3		17					
6711		4		14					
6712		3		11					
6713		5		11					
6714		2		14					
6715		8		17					
6716		3		14					
6717		5		16					
6718		5		11					
6719		3		11					
6730		1		1					
6731		3		2					
6732		3		1					
6733		1		2					
6735		2		5					
6736		3		4					
6737		4		2					
6738		2		7					
6739		3		2					
6740		3		5					
6741		1		3					
6742		5		6					
6743		2		2					
6744		7		7					
6745		3		5					
6750		2		8					
6752		2		8					
6753		6		12					
6759		3		7					
6760		1		8					
6761		1		2					
6762		4		3					
6763		4		3					
6764		6		1					
6765		4		4					
6766		3		3					
6767		5		9					
6768		4		4					
6769		5		2					
6770		4		4					
6771		2		3					
6772		4		7					
6773		1		3					
6774		6		5					
6775		1		4					
6776		4		5					
6778		1		4					
6792		5		13					
6793		1		10					
6794		5		17					
6796		4		13					
6797		7		18					
6798		4		8					
6799		3		13					
6800		2		10					
6801		8		17					
6802		1		11					
6803		1		9					
6804		1		11					
6805		3		11					
6807		3		9					
6813		5		3					
6814		4		3					
6816		4		7					
6817		5		8					
6818		1		8					
6819		4		4					
6820		3		8					
6821		5		3					
6822		4		4					
6823		7		8					
6824		4		4					
6825		5		8					
6826		5		2					
6827		6		2					
6828		6		2					
6836		7		1					
6837		3		2					
6838		4		2					
6839		2		1					
6846		2		9					
6847		2		9					
6848		4		9					
6849		4		8					
6850		4		9					
6852		2		5					
6853		4		5					
6854		5		9					
6856		3		8					
6857		5		4					
6858		5		2					
6859		1		2					
6860		8		3					
6861		5		4					
6862		1		4					
6863		2		2					
6874		2		3					
6876		2		4					
6877		1		4					
6878		6		7					
6879		1		4					
6881		3		4					
6882		7		8					
6883		1		4					
6884		1		7					
6885		6		8					
6886		4		8					
6888		1		3					
6891		6		2					
6892		5		2					
6895		1		2					
6910		3		7					
6911		5		7					
6912		1		7					
6913		2		7					
6914		9		7					
6915		1		7					
6916		3		4					
6917		3		4					
6918		1		4					
6919		2		7					
6920		2		3					
6921		1		3					
6923		4		2					
6924		3		2					
6932		1		2					
6933		6		3					
6937		6		8					
6938		2		2					
6939		5		10					
6941		3		5					
6942		6		9					
6943		4		5					
6944		1		5					
6945		1		5					
6946		7		10					
6947		2		5					
6952		1		2					
6953		1		3					
6954		4		3					
6955		1		3					
6956		5		3					
6957		1		3					
6958		5		6					
6959		3		5					
6960		5		6					
6961		5		2					
6962		1		2					
6963		5		2					
6967		1		3					
6968		2		3					
6969		1		5					
6970		2		3					
6971		5		5					
6972		2		5					
6973		3		3					
6975		6		3					
6976		1		5					
6977		6		5					
6978		3		3					
6979		2		6					
6983		4		6					
6984		3		2					
6985		1		1					
6986		10		2					
6988		2		10					
6989		1		10					
6990		5		2					
6991		2		1					
6992		3		2					
6993		2		2					
6998		3		3					
7000		6		1					
7001		3		4					
7003		1		4					
7005		1		7					
7006		6		8					
7007		4		4					
7008		1		5					
7009		5		5					
7010		4		5					
7011		2		8					
7012		6		8					
7013		2		5					
7014		3		5					
7015		2		5					
7017		1		7					
7023		2		1					
7027		7		1					
7028		5		1					
7030		1		1					
7041		2		7					
7042		7		7					
7043		2		7					
7044		7		7					
7045		7		5					
7046		2		7					
7047		3		5					
7048		2		5					
7049		3		7					
7050		6		7					
7051		3		5					
7057		1		3					
7058		1		2					
7059		1		3					
7060		3		2					
7061		5		2					
7062		4		3					
7068		1		1					
7069		1		1					
7070		4		1					
7071		1		1					
7072		6		1					
7075		2		8					
7076		4		7					
7077		4		7					
7078		2		7					
7079		3		7					
7080		2		7					
7085		2		7					
7086		6		7					
7087		2		9					
7088		1		8					
7089		2		7					
7091		3		8					
7103		3		8					
7104		7		7					
7105		3		7					
7106		3		7					
7107		1		6					
7108		2		6					
7109		1		8					
7110		3		6					
7115		2		8					
7116		4		7					
7130		1		1					
7151		3		1					
7152		6		1					
7153		4		1					
7169		5		2					
7170		4		2					
7171		3		1					
7172		4		1					
7177		1		3					
7178		2		3					
7179		1		4					
7180		1		4					
7181		1		4					
7182		5		3					
7183		1		3					
7184		3		3					
7185		3		4					
7186		1		3					
7187		3		1					
7188		3		1					
7189		2		1					
7190		3		2					
7194		2		1					
7199		2		2					
7204		2		5					
7205		2		8					
7206		2		8					
7207		3		8					
7208		2		8					
7209		5		5					
7210		5		5					
7211		2		6					
7212		1		7					
7213		1		9					
7214		3		6					
7220		1		7					
7228		6		10					
7229		1		12					
7230		2		9					
7231		1		9					
7232		1		8					
7233		1		8					
7234		1		8					
7235		1		8					
7238		4		7					
7245		2		6					
7246		1		6					
7247		1		6					
7248		6		4					
7249		1		5					
7250		3		6					
7252		1		5					
7253		3		1					
7254		1		2					
7255		4		3					
7256		2		2					
7260		4		2					
7268		2		3					
7270		1		4					
7271		2		3					
7272		1		3					
7273		2		3					
7274		3		3					
7275		2		3					
7278		1		3					
7296		4		4					
7297		1		4					
7298		1		3					
7299		1		2					
7300		1		3					
7302		1		4					
7316		2		3					
7317		1		2					
7319		2		2					
7320		2		4					
7324		1		2					
7338		2		2					
7339		2		2					
7340		2		2					
7341		1		3					
7342		3		3					
7344		1		4					
7345		2		4					
7346		2		3					
7353		3		2					
7354		1		2					
7355		1		4					
7363		2		5					
7373		2		18					
7375		4		1					
7384		3		6					
7385		3		11					
7386		2		9					
7387		2		3					
7389		2		8					
7392		1		8					
7393		2		7					
7399		2		4					
7528		2		3					
7529		1		3					
7530		5		2					
7531		3		5					
7533		3		2					
7534		3		5					
7535		4		2					
7536		4		5					
7537		3		1					
7538		4		2					
7539		3		3					
7549		2		1					
7554		6		3					
7555		1		5					
7556		1		3					
7559		3		3					
7560		1		4					
7561		3		5					
7562		2		3					
7563		3		4					
7565		4		5					
7567		6		3					
7572		2		3					
7573		2		1					
7583		4		3					
7584		2		1					
7585		5		5					
7586		2		3					
7587		2		3					
7588		5		5					
7589		1		6					
7593		4		5					
7605		4		2					
7606		5		3					
7607		3		3					
7609		4		4					
7610		2		3					
7611		2		3					
7612		1		1					
7613		3		2					
7614		3		1					
7615		4		1					
7616		3		4					
7617		1		3					
7630		6		2					
7631		2		4					
7633		4		5					
7634		4		3					
7635		4		2					
7636		5		11					
7637		3		3					
7650		2		6					
7651		2		5					
7652		5		5					
7653		2		6					
7654		1		4					
7668		3		1					
7669		1		3					
7671		2		1					
7672		5		3					
7673		2		4					
7674		4		3					
7675		4		2					
7676		4		7					
7692		5		4					
7693		6		1					
7694		3		4					
7695		3		1					
7696		4		4					
7697		3		5					
7698		4		3					
7699		3		4					
7700		2		2					
7716		1		5					
7717		2		5					
7718		1		5					
7719		6		5					
7720		4		6					
7721		1		3					
7722		4		6					
7731		2		1					
7739		2		3					
7740		2		4					
7741		4		4					
7742		3		3					
7743		6		3					
7744		1		2					
7745		4		2					
7746		1		4					
7747		1		2					
7765		5		1					
7766		2		1					
7767		1		3					
7770		1		3					
7771		1		2					
7772		2		3					
7773		1		2					
7774		2		3					
7791		2		3					
7792		3		3					
7793		3		3					
7794		1		4					
7795		2		3					
7796		3		3					
7797		3		3					
7808		5		1					
7816		3		3					
7819		2		4					
7820		4		4					
7821		1		3					
7822		3		3					
7823		4		2					
7824		4		3					
7825		5		3					
7826		2		4					
7833		3		2					
7834		4		1					
7845		1		2					
7846		4		3					
7847		2		3					
7848		4		3					
7849		5		1					
7850		5		4					
7851		2		3					
7852		4		3					
7853		1		1					
7854		3		3					
7867		3		12					
7868		1		3					
7869		2		1					
7870		2		3					
7871		3		2					
7872		1		3					
7878		4		2					
7895		4		2					
7897		1		3					
7901		1		2					
7902		5		3					
7908		1		1					
7918		3		2					
7919		5		3					
7920		1		2					
7921		1		3					
7922		2		2					
7923		1		2					
7924		3		3					
7925		2		3					
7926		2		3					
7944		5		4					
7945		4		3					
7946		5		4					
7947		4		4					
7949		5		4					
7950		1		3					
7951		4		3					
7952		1		2					
7953		4		3					
7954		6		4					
7960		1		2					
7968		3		2					
7970		4		3					
7971		5		2					
7972		1		4					
7973		3		1					
7974		1		2					
7976		1		3					
7987		2		1					
7993		2		2					
7994		4		1					
7995		1		3					
7996		3		3					
7997		2		3					
7998		4		3					
7999		1		2					
8000		2		1					
8002		3		2					
8006		1		2					
8014		1		3					
8018		1		3					
8019		2		2					
8020		2		2					
8021		5		2					
8022		5		2					
8023		1		1					
8024		1		2					
8025		3		3					
8026		5		1					
8042		1		2					
8043		3		1					
8046		1		3					
8062		5		2					
8063		2		3					
8064		1		3					
8066		6		3					
8096		2		3					
8230		1		1					
8231		2		3					
8236		1		1					
8260		1		3					
8262		2		2					
8263		1		1					
8264		1		5					
8279		1		2					
8292		1		3					
8293		2		2					
8294		1		11					
8320		2		2					
8326		1		2					
8329		2		5					
8341		2		1					
